[
  {
    "model": "venta.rol",
    "pk": 1,
    "fields": {
      "nombre": "Administrador",
      "descripcion": "Administrador del sistema con acceso completo"
    }
  },
  {
    "model": "venta.rol",
    "pk": 2,
    "fields": {
      "nombre": "Vendedor",
      "descripcion": "Usuario que puede vender vehículos"
    }
  },
  {
    "model": "venta.rol",
    "pk": 3,
    "fields": {
      "nombre": "Comprador",
      "descripcion": "Usuario que puede comprar vehículos"
    }
  },
  {
    "model": "venta.tipodevehiculo",
    "pk": 1,
    "fields": {
      "descripcion": "Automovil"
    }
  },
  {
    "model": "venta.tipodevehiculo",
    "pk": 2,
    "fields": {
      "descripcion": "Motocicleta"
    }
  },
  {
    "model": "venta.tipodevehiculo",
    "pk": 3,
    "fields": {
      "descripcion": "Camioneta"
    }
  },
  {
    "model": "venta.tipodevehiculo",
    "pk": 4,
    "fields": {
      "descripcion": "SUV"
    }
  },
  {
    "model": "venta.tipodevehiculo",
    "pk": 5,
    "fields": {
      "descripcion": "Pickup"
    }
  },
  {
    "model": "venta.tipodevehiculo",
    "pk": 6,
    "fields": {
      "descripcion": "Van"
    }
  },
  {
    "model": "venta.marca",
    "pk": 1,
    "fields": {
      "nombre": "Toyota"
    }
  },
  {
    "model": "venta.marca",
    "pk": 2,
    "fields": {
      "nombre": "Honda"
    }
  },
  {
    "model": "venta.marca",
    "pk": 3,
    "fields": {
      "nombre": "Ford"
    }
  },
  {
    "model": "venta.marca",
    "pk": 4,
    "fields": {
      "nombre": "Chevrolet"
    }
  },
  {
    "model": "venta.marca",
    "pk": 5,
    "fields": {
      "nombre": "Nissan"
    }
  },
  {
    "model": "venta.marca",
    "pk": 6,
    "fields": {
      "nombre": "Volkswagen"
    }
  },
  {
    "model": "venta.marca",
    "pk": 7,
    "fields": {
      "nombre": "BMW"
    }
  },
  {
    "model": "venta.marca",
    "pk": 8,
    "fields": {
      "nombre": "Mercedes-Benz"
    }
  },
  {
    "model": "venta.modelo",
    "pk": 1,
    "fields": {
      "marca": 1,
      "nombre": "Corolla",
      "tipo_vehiculo": 1
    }
  },
  {
    "model": "venta.modelo",
    "pk": 2,
    "fields": {
      "marca": 1,
      "nombre": "Camry",
      "tipo_vehiculo": 1
    }
  },
  {
    "model": "venta.modelo",
    "pk": 3,
    "fields": {
      "marca": 1,
      "nombre": "RAV4",
      "tipo_vehiculo": 4
    }
  },
  {
    "model": "venta.modelo",
    "pk": 4,
    "fields": {
      "marca": 2,
      "nombre": "Civic",
      "tipo_vehiculo": 1
    }
  },
  {
    "model": "venta.modelo",
    "pk": 5,
    "fields": {
      "marca": 2,
      "nombre": "Accord",
      "tipo_vehiculo": 1
    }
  },
  {
    "model": "venta.modelo",
    "pk": 6,
    "fields": {
      "marca": 2,
      "nombre": "CR-V",
      "tipo_vehiculo": 4
    }
  },
  {
    "model": "venta.modelo",
    "pk": 7,
    "fields": {
      "marca": 3,
      "nombre": "Focus",
      "tipo_vehiculo": 1
    }
  },
  {
    "model": "venta.modelo",
    "pk": 8,
    "fields": {
      "marca": 3,
      "nombre": "F-150",
      "tipo_vehiculo": 5
    }
  },
  {
    "model": "venta.modelo",
    "pk": 9,
    "fields": {
      "marca": 3,
      "nombre": "Explorer",
      "tipo_vehiculo": 4
    }
  },
  {
    "model": "venta.modelo",
    "pk": 10,
    "fields": {
      "marca": 4,
      "nombre": "Cruze",
      "tipo_vehiculo": 1
    }
  },
  {
    "model": "venta.modelo",
    "pk": 11,
    "fields": {
      "marca": 4,
      "nombre": "Equinox",
      "tipo_vehiculo": 4
    }
  },
  {
    "model": "venta.modelo",
    "pk": 12,
    "fields": {
      "marca": 5,
      "nombre": "Sentra",
      "tipo_vehiculo": 1
    }
  },
  {
    "model": "venta.modelo",
    "pk": 13,
    "fields": {
      "marca": 5,
      "nombre": "Altima",
      "tipo_vehiculo": 1
    }
  },
  {
    "model": "venta.modelo",
    "pk": 14,
    "fields": {
      "marca": 6,
      "nombre": "Jetta",
      "tipo_vehiculo": 1
    }
  },
  {
    "model": "venta.modelo",
    "pk": 15,
    "fields": {
      "marca": 6,
      "nombre": "Tiguan",
      "tipo_vehiculo": 4
    }
  },
  {
    "model": "venta.modelo",
    "pk": 16,
    "fields": {
      "marca": 7,
      "nombre": "Serie 3",
      "tipo_vehiculo": 1
    }
  },
  {
    "model": "venta.modelo",
    "pk": 17,
    "fields": {
      "marca": 7,
      "nombre": "X3",
      "tipo_vehiculo": 4
    }
  },
  {
    "model": "venta.modelo",
    "pk": 18,
    "fields": {
      "marca": 8,
      "nombre": "Clase C",
      "tipo_vehiculo": 1
    }
  },
  {
    "model": "venta.modelo",
    "pk": 19,
    "fields": {
      "marca": 8,
      "nombre": "GLC",
      "tipo_vehiculo": 4
    }
  },
  {
    "model": "venta.usuario",
    "pk": 1,
    "fields": {
      "nombre": "Carlos",
      "apellido": "Rodríguez",
      "nombre_completo": "Carlos Rodríguez",
      "correo": "carlos.rodriguez@email.com",
      "contrasena": "pbkdf2_sha256$260000$example$hash",
      "token": "token_carlos_123",
      "fecha_creacion": "2024-01-15",
      "estado": "activo",
      "rol": 1
    }
  },
  {
    "model": "venta.usuario",
    "pk": 2,
    "fields": {
      "nombre": "María",
      "apellido": "González",
      "nombre_completo": "María González",
      "correo": "maria.gonzalez@email.com",
      "contrasena": "pbkdf2_sha256$260000$example$hash",
      "token": "token_maria_456",
      "fecha_creacion": "2024-02-10",
      "estado": "activo",
      "rol": 2
    }
  },
  {
    "model": "venta.usuario",
    "pk": 3,
    "fields": {
      "nombre": "Juan",
      "apellido": "Pérez",
      "nombre_completo": "Juan Pérez",
      "correo": "juan.perez@email.com",
      "contrasena": "pbkdf2_sha256$260000$example$hash",
      "token": "token_juan_789",
      "fecha_creacion": "2024-02-20",
      "estado": "activo",
      "rol": 2
    }
  },
  {
    "model": "venta.usuario",
    "pk": 4,
    "fields": {
      "nombre": "Ana",
      "apellido": "López",
      "nombre_completo": "Ana López",
      "correo": "ana.lopez@email.com",
      "contrasena": "pbkdf2_sha256$260000$example$hash",
      "token": "token_ana_101",
      "fecha_creacion": "2024-03-05",
      "estado": "activo",
      "rol": 3
    }
  },
  {
    "model": "venta.usuario",
    "pk": 5,
    "fields": {
      "nombre": "Luis",
      "apellido": "Martínez",
      "nombre_completo": "Luis Martínez",
      "correo": "luis.martinez@email.com",
      "contrasena": "pbkdf2_sha256$260000$example$hash",
      "token": "token_luis_202",
      "fecha_creacion": "2024-03-12",
      "estado": "activo",
      "rol": 3
    }
  },
  {
    "model": "venta.usuario",
    "pk": 6,
    "fields": {
      "nombre": "Sofia",
      "apellido": "Hernández",
      "nombre_completo": "Sofia Hernández",
      "correo": "sofia.hernandez@email.com",
      "contrasena": "pbkdf2_sha256$260000$example$hash",
      "token": "token_sofia_303",
      "fecha_creacion": "2024-03-18",
      "estado": "activo",
      "rol": 2
    }
  },
  {
    "model": "venta.usuario",
    "pk": 7,
    "fields": {
      "nombre": "Diego",
      "apellido": "García",
      "nombre_completo": "Diego García",
      "correo": "diego.garcia@email.com",
      "contrasena": "pbkdf2_sha256$260000$example$hash",
      "token": "token_diego_404",
      "fecha_creacion": "2024-04-01",
      "estado": "activo",
      "rol": 3
    }
  },
  {
    "model": "venta.usuario",
    "pk": 8,
    "fields": {
      "nombre": "Carmen",
      "apellido": "Vargas",
      "nombre_completo": "Carmen Vargas",
      "correo": "carmen.vargas@email.com",
      "contrasena": "pbkdf2_sha256$260000$example$hash",
      "token": "token_carmen_505",
      "fecha_creacion": "2024-04-08",
      "estado": "activo",
      "rol": 2
    }
  },
  {
    "model": "venta.vehiculo",
    "pk": 1,
    "fields": {
      "usuario": 2,
      "marca": 1,
      "modelo": 1,
      "año": 2020,
      "precio": 25000000,
      "tipo_transmision": "Automática",
      "tipo_combustible": "Gasolina",
      "kilometraje": 45000,
      "descripcion": "Toyota Corolla en excelente estado, mantenimiento al día",
      "estado": "disponible",
      "fecha_publicacion": "2024-10-15",
      "tipo_vehiculo": "Automovil",
      "ubicacion": "Bogotá, Colombia"
    }
  },
  {
    "model": "venta.vehiculo",
    "pk": 2,
    "fields": {
      "usuario": 3,
      "marca": 2,
      "modelo": 4,
      "año": 2019,
      "precio": 22000000,
      "tipo_transmision": "Manual",
      "tipo_combustible": "Gasolina",
      "kilometraje": 52000,
      "descripcion": "Honda Civic bien cuidado, único dueño",
      "estado": "disponible",
      "fecha_publicacion": "2024-10-14",
      "tipo_vehiculo": "Automovil",
      "ubicacion": "Medellín, Colombia"
    }
  },
  {
    "model": "venta.vehiculo",
    "pk": 3,
    "fields": {
      "usuario": 6,
      "marca": 3,
      "modelo": 8,
      "año": 2021,
      "precio": 45000000,
      "tipo_transmision": "Automática",
      "tipo_combustible": "Gasolina",
      "kilometraje": 28000,
      "descripcion": "Ford F-150 4x4, perfecta para trabajo pesado",
      "estado": "disponible",
      "fecha_publicacion": "2024-10-13",
      "tipo_vehiculo": "Camioneta",
      "ubicacion": "Cali, Colombia"
    }
  },
  {
    "model": "venta.vehiculo",
    "pk": 4,
    "fields": {
      "usuario": 2,
      "marca": 4,
      "modelo": 10,
      "año": 2018,
      "precio": 18000000,
      "tipo_transmision": "Automática",
      "tipo_combustible": "Gasolina",
      "kilometraje": 65000,
      "descripcion": "Chevrolet Cruze económico y confiable",
      "estado": "disponible",
      "fecha_publicacion": "2024-10-12",
      "tipo_vehiculo": "Automovil",
      "ubicacion": "Barranquilla, Colombia"
    }
  },
  {
    "model": "venta.vehiculo",
    "pk": 5,
    "fields": {
      "usuario": 8,
      "marca": 5,
      "modelo": 13,
      "año": 2020,
      "precio": 20000000,
      "tipo_transmision": "Automática",
      "tipo_combustible": "Gasolina",
      "kilometraje": 40000,
      "descripcion": "Nissan Altima cómodo y espacioso",
      "estado": "disponible",
      "fecha_publicacion": "2024-10-11",
      "tipo_vehiculo": "Automovil",
      "ubicacion": "Bogotá, Colombia"
    }
  },
  {
    "model": "venta.vehiculo",
    "pk": 6,
    "fields": {
      "usuario": 3,
      "marca": 6,
      "modelo": 14,
      "año": 2019,
      "precio": 19000000,
      "tipo_transmision": "Manual",
      "tipo_combustible": "Gasolina",
      "kilometraje": 55000,
      "descripcion": "Volkswagen Jetta alemán, muy bien mantenido",
      "estado": "disponible",
      "fecha_publicacion": "2024-10-10",
      "tipo_vehiculo": "Automovil",
      "ubicacion": "Medellín, Colombia"
    }
  },
  {
    "model": "venta.vehiculo",
    "pk": 7,
    "fields": {
      "usuario": 6,
      "marca": 7,
      "modelo": 16,
      "año": 2022,
      "precio": 65000000,
      "tipo_transmision": "Automática",
      "tipo_combustible": "Gasolina",
      "kilometraje": 15000,
      "descripcion": "BMW Serie 3 deportivo, garantía de fábrica",
      "estado": "disponible",
      "fecha_publicacion": "2024-10-09",
      "tipo_vehiculo": "Automovil",
      "ubicacion": "Bogotá, Colombia"
    }
  },
  {
    "model": "venta.vehiculo",
    "pk": 8,
    "fields": {
      "usuario": 8,
      "marca": 8,
      "modelo": 18,
      "año": 2021,
      "precio": 70000000,
      "tipo_transmision": "Automática",
      "tipo_combustible": "Gasolina",
      "kilometraje": 22000,
      "descripcion": "Mercedes-Benz Clase C lujo y elegancia",
      "estado": "disponible",
      "fecha_publicacion": "2024-10-08",
      "tipo_vehiculo": "Automovil",
      "ubicacion": "Medellín, Colombia"
    }
  },
  {
    "model": "venta.vehiculo",
    "pk": 9,
    "fields": {
      "usuario": 2,
      "marca": 1,
      "modelo": 3,
      "año": 2020,
      "precio": 35000000,
      "tipo_transmision": "Automática",
      "tipo_combustible": "Gasolina",
      "kilometraje": 38000,
      "descripcion": "Toyota RAV4 SUV familiar, 4x4",
      "estado": "disponible",
      "fecha_publicacion": "2024-10-07",
      "tipo_vehiculo": "SUV",
      "ubicacion": "Cali, Colombia"
    }
  },
  {
    "model": "venta.vehiculo",
    "pk": 10,
    "fields": {
      "usuario": 3,
      "marca": 2,
      "modelo": 6,
      "año": 2019,
      "precio": 32000000,
      "tipo_transmision": "Automática",
      "tipo_combustible": "Gasolina",
      "kilometraje": 48000,
      "descripcion": "Honda CR-V SUV confiable, perfecta para familia",
      "estado": "disponible",
      "fecha_publicacion": "2024-10-06",
      "tipo_vehiculo": "SUV",
      "ubicacion": "Barranquilla, Colombia"
    }
  },
  {
    "model": "venta.vehiculo",
    "pk": 11,
    "fields": {
      "usuario": 6,
      "marca": 3,
      "modelo": 9,
      "año": 2021,
      "precio": 38000000,
      "tipo_transmision": "Automática",
      "tipo_combustible": "Gasolina",
      "kilometraje": 32000,
      "descripcion": "Ford Explorer SUV 7 pasajeros, 4x4",
      "estado": "disponible",
      "fecha_publicacion": "2024-10-05",
      "tipo_vehiculo": "SUV",
      "ubicacion": "Bogotá, Colombia"
    }
  },
  {
    "model": "venta.vehiculo",
    "pk": 12,
    "fields": {
      "usuario": 8,
      "marca": 4,
      "modelo": 11,
      "año": 2020,
      "precio": 30000000,
      "tipo_transmision": "Automática",
      "tipo_combustible": "Gasolina",
      "kilometraje": 42000,
      "descripcion": "Chevrolet Equinox SUV compacta, económica",
      "estado": "disponible",
      "fecha_publicacion": "2024-10-04",
      "tipo_vehiculo": "SUV",
      "ubicacion": "Medellín, Colombia"
    }
  },
  {
    "model": "venta.vehiculo",
    "pk": 13,
    "fields": {
      "usuario": 2,
      "marca": 5,
      "modelo": 12,
      "año": 2018,
      "precio": 16000000,
      "tipo_transmision": "Manual",
      "tipo_combustible": "Gasolina",
      "kilometraje": 70000,
      "descripcion": "Nissan Sentra económico, ideal para ciudad",
      "estado": "disponible",
      "fecha_publicacion": "2024-10-03",
      "tipo_vehiculo": "Automovil",
      "ubicacion": "Cali, Colombia"
    }
  },
  {
    "model": "venta.vehiculo",
    "pk": 14,
    "fields": {
      "usuario": 3,
      "marca": 6,
      "modelo": 15,
      "año": 2020,
      "precio": 28000000,
      "tipo_transmision": "Automática",
      "tipo_combustible": "Gasolina",
      "kilometraje": 35000,
      "descripcion": "Volkswagen Tiguan SUV alemana, muy confiable",
      "estado": "disponible",
      "fecha_publicacion": "2024-10-02",
      "tipo_vehiculo": "SUV",
      "ubicacion": "Barranquilla, Colombia"
    }
  },
  {
    "model": "venta.vehiculo",
    "pk": 15,
    "fields": {
      "usuario": 6,
      "marca": 7,
      "modelo": 17,
      "año": 2022,
      "precio": 75000000,
      "tipo_transmision": "Automática",
      "tipo_combustible": "Gasolina",
      "kilometraje": 12000,
      "descripcion": "BMW X3 SUV deportiva, garantía completa",
      "estado": "disponible",
      "fecha_publicacion": "2024-10-01",
      "tipo_vehiculo": "SUV",
      "ubicacion": "Bogotá, Colombia"
    }
  },
  {
    "model": "venta.VehiculoFoto",
    "pk": 1,
    "fields": {
      "vehiculo": 1,
      "url_imagen": "https://example.com/images/toyota_corolla_2020_1.jpg"
    }
  },
  {
    "model": "venta.VehiculoFoto",
    "pk": 2,
    "fields": {
      "vehiculo": 1,
      "url_imagen": "https://example.com/images/toyota_corolla_2020_2.jpg"
    }
  },
  {
    "model": "venta.VehiculoFoto",
    "pk": 3,
    "fields": {
      "vehiculo": 1,
      "url_imagen": "https://example.com/images/toyota_corolla_2020_3.jpg"
    }
  },
  {
    "model": "venta.VehiculoFoto",
    "pk": 4,
    "fields": {
      "vehiculo": 2,
      "url_imagen": "https://example.com/images/honda_civic_2019_1.jpg"
    }
  },
  {
    "model": "venta.VehiculoFoto",
    "pk": 5,
    "fields": {
      "vehiculo": 2,
      "url_imagen": "https://example.com/images/honda_civic_2019_2.jpg"
    }
  },
  {
    "model": "venta.VehiculoFoto",
    "pk": 6,
    "fields": {
      "vehiculo": 3,
      "url_imagen": "https://example.com/images/ford_f150_2021_1.jpg"
    }
  },
  {
    "model": "venta.VehiculoFoto",
    "pk": 7,
    "fields": {
      "vehiculo": 3,
      "url_imagen": "https://example.com/images/ford_f150_2021_2.jpg"
    }
  },
  {
    "model": "venta.VehiculoFoto",
    "pk": 8,
    "fields": {
      "vehiculo": 4,
      "url_imagen": "https://example.com/images/chevrolet_cruze_2018_1.jpg"
    }
  },
  {
    "model": "venta.VehiculoFoto",
    "pk": 9,
    "fields": {
      "vehiculo": 5,
      "url_imagen": "https://example.com/images/nissan_altima_2020_1.jpg"
    }
  },
  {
    "model": "venta.VehiculoFoto",
    "pk": 10,
    "fields": {
      "vehiculo": 6,
      "url_imagen": "https://example.com/images/volkswagen_jetta_2019_1.jpg"
    }
  },
  {
    "model": "venta.VehiculoFoto",
    "pk": 11,
    "fields": {
      "vehiculo": 7,
      "url_imagen": "https://example.com/images/bmw_serie3_2022_1.jpg"
    }
  },
  {
    "model": "venta.VehiculoFoto",
    "pk": 12,
    "fields": {
      "vehiculo": 7,
      "url_imagen": "https://example.com/images/bmw_serie3_2022_2.jpg"
    }
  },
  {
    "model": "venta.VehiculoFoto",
    "pk": 13,
    "fields": {
      "vehiculo": 8,
      "url_imagen": "https://example.com/images/mercedes_clasec_2021_1.jpg"
    }
  },
  {
    "model": "venta.VehiculoFoto",
    "pk": 14,
    "fields": {
      "vehiculo": 8,
      "url_imagen": "https://example.com/images/mercedes_clasec_2021_2.jpg"
    }
  },
  {
    "model": "venta.VehiculoFoto",
    "pk": 15,
    "fields": {
      "vehiculo": 9,
      "url_imagen": "https://example.com/images/toyota_rav4_2020_1.jpg"
    }
  },
  {
    "model": "venta.VehiculoFoto",
    "pk": 16,
    "fields": {
      "vehiculo": 10,
      "url_imagen": "https://example.com/images/honda_crv_2019_1.jpg"
    }
  },
  {
    "model": "venta.VehiculoFoto",
    "pk": 17,
    "fields": {
      "vehiculo": 11,
      "url_imagen": "https://example.com/images/ford_explorer_2021_1.jpg"
    }
  },
  {
    "model": "venta.VehiculoFoto",
    "pk": 18,
    "fields": {
      "vehiculo": 12,
      "url_imagen": "https://example.com/images/chevrolet_equinox_2020_1.jpg"
    }
  },
  {
    "model": "venta.VehiculoFoto",
    "pk": 19,
    "fields": {
      "vehiculo": 13,
      "url_imagen": "https://example.com/images/nissan_sentra_2018_1.jpg"
    }
  },
  {
    "model": "venta.VehiculoFoto",
    "pk": 20,
    "fields": {
      "vehiculo": 14,
      "url_imagen": "https://example.com/images/volkswagen_tiguan_2020_1.jpg"
    }
  },
  {
    "model": "venta.VehiculoFoto",
    "pk": 21,
    "fields": {
      "vehiculo": 15,
      "url_imagen": "https://example.com/images/bmw_x3_2022_1.jpg"
    }
  },
  {
    "model": "venta.subasta",
    "pk": 1,
    "fields": {
      "vehiculo": 7,
      "precio_inicial": 60000000,
      "fecha_inicio": "2024-10-20",
      "fecha_fin": "2024-10-27",
      "estado": "activa"
    }
  },
  {
    "model": "venta.subasta",
    "pk": 2,
    "fields": {
      "vehiculo": 8,
      "precio_inicial": 65000000,
      "fecha_inicio": "2024-10-18",
      "fecha_fin": "2024-10-25",
      "estado": "activa"
    }
  },
  {
    "model": "venta.subasta",
    "pk": 3,
    "fields": {
      "vehiculo": 15,
      "precio_inicial": 70000000,
      "fecha_inicio": "2024-10-22",
      "fecha_fin": "2024-10-29",
      "estado": "activa"
    }
  },
  {
    "model": "venta.puja",
    "pk": 1,
    "fields": {
      "subasta": 1,
      "usuario": 4,
      "monto": 62000000,
      "fecha_puja": "2024-10-21"
    }
  },
  {
    "model": "venta.puja",
    "pk": 2,
    "fields": {
      "subasta": 1,
      "usuario": 5,
      "monto": 64000000,
      "fecha_puja": "2024-10-21"
    }
  },
  {
    "model": "venta.puja",
    "pk": 3,
    "fields": {
      "subasta": 1,
      "usuario": 7,
      "monto": 66000000,
      "fecha_puja": "2024-10-22"
    }
  },
  {
    "model": "venta.puja",
    "pk": 4,
    "fields": {
      "subasta": 2,
      "usuario": 4,
      "monto": 68000000,
      "fecha_puja": "2024-10-19"
    }
  },
  {
    "model": "venta.puja",
    "pk": 5,
    "fields": {
      "subasta": 2,
      "usuario": 5,
      "monto": 70000000,
      "fecha_puja": "2024-10-20"
    }
  },
  {
    "model": "venta.puja",
    "pk": 6,
    "fields": {
      "subasta": 3,
      "usuario": 4,
      "monto": 72000000,
      "fecha_puja": "2024-10-23"
    }
  },
  {
    "model": "venta.puja",
    "pk": 7,
    "fields": {
      "subasta": 3,
      "usuario": 7,
      "monto": 75000000,
      "fecha_puja": "2024-10-24"
    }
  },
  {
    "model": "venta.venta",
    "pk": 1,
    "fields": {
      "vehiculo": 1,
      "comprador": 4,
      "vendedor": 2,
      "fecha_venta": "2024-09-15",
      "precio_final": 24500000,
      "metodo_pago": "Transferencia",
      "estado": "completada"
    }
  },
  {
    "model": "venta.venta",
    "pk": 2,
    "fields": {
      "vehiculo": 2,
      "comprador": 5,
      "vendedor": 3,
      "fecha_venta": "2024-09-20",
      "precio_final": 21500000,
      "metodo_pago": "Efectivo",
      "estado": "completada"
    }
  },
  {
    "model": "venta.venta",
    "pk": 3,
    "fields": {
      "vehiculo": 4,
      "comprador": 7,
      "vendedor": 2,
      "fecha_venta": "2024-09-25",
      "precio_final": 17500000,
      "metodo_pago": "Transferencia",
      "estado": "completada"
    }
  },
  {
    "model": "venta.perfil",
    "pk": 1,
    "fields": {
      "usuario": 1,
      "descripcion": "Administrador del sistema con experiencia en gestión de plataformas de venta de vehículos",
      "telefono": "+57 300 123 4567",
      "direccion": "Calle 100 #50-30",
      "ciudad": "Bogotá",
      "foto_perfil": null,
      "fecha_actualizacion": "2024-01-15T10:00:00"
    }
  },
  {
    "model": "venta.perfil",
    "pk": 2,
    "fields": {
      "usuario": 2,
      "descripcion": "Vendedora profesional especializada en automóviles de alta gama",
      "telefono": "+57 310 234 5678",
      "direccion": "Carrera 50 #80-45",
      "ciudad": "Medellín",
      "foto_perfil": null,
      "fecha_actualizacion": "2024-02-10T10:00:00"
    }
  },
  {
    "model": "venta.perfil",
    "pk": 3,
    "fields": {
      "usuario": 3,
      "descripcion": "Vendedor con más de 5 años de experiencia en el mercado automotriz",
      "telefono": "+57 315 345 6789",
      "direccion": "Avenida 6N #28-10",
      "ciudad": "Cali",
      "foto_perfil": null,
      "fecha_actualizacion": "2024-02-20T10:00:00"
    }
  },
  {
    "model": "venta.perfil",
    "pk": 4,
    "fields": {
      "usuario": 4,
      "descripcion": "Compradora frecuente buscando vehículos confiables y económicos",
      "telefono": "+57 320 456 7890",
      "direccion": "Calle 72 #54-15",
      "ciudad": "Barranquilla",
      "foto_perfil": null,
      "fecha_actualizacion": "2024-03-05T10:00:00"
    }
  },
  {
    "model": "venta.perfil",
    "pk": 5,
    "fields": {
      "usuario": 5,
      "descripcion": "Comprador interesado en vehículos familiares y SUV",
      "telefono": "+57 325 567 8901",
      "direccion": "Carrera 15 #93-20",
      "ciudad": "Bogotá",
      "foto_perfil": null,
      "fecha_actualizacion": "2024-03-12T10:00:00"
    }
  },
  {
    "model": "venta.perfil",
    "pk": 6,
    "fields": {
      "usuario": 6,
      "descripcion": "Vendedora especializada en vehículos premium y de lujo",
      "telefono": "+57 330 678 9012",
      "direccion": "Calle 10 #45-67",
      "ciudad": "Medellín",
      "foto_perfil": null,
      "fecha_actualizacion": "2024-03-18T10:00:00"
    }
  },
  {
    "model": "venta.perfil",
    "pk": 7,
    "fields": {
      "usuario": 7,
      "descripcion": "Comprador buscando su primer vehículo",
      "telefono": "+57 335 789 0123",
      "direccion": "Avenida 4 #25-30",
      "ciudad": "Cali",
      "foto_perfil": null,
      "fecha_actualizacion": "2024-04-01T10:00:00"
    }
  },
  {
    "model": "venta.perfil",
    "pk": 8,
    "fields": {
      "usuario": 8,
      "descripcion": "Vendedora con enfoque en vehículos económicos y prácticos",
      "telefono": "+57 340 890 1234",
      "direccion": "Carrera 30 #70-12",
      "ciudad": "Barranquilla",
      "foto_perfil": null,
      "fecha_actualizacion": "2024-04-08T10:00:00"
    }
  }
]
